id,category,name,brand, price ,year,size,abv,type,style,subtype,market,varietal,country,state,city,region,appellation,taste,body,product_info,image_url
1,beers,Budweiser,Budweiser,8.99,,12oz - Pack(6) btls,5.00%,Lager,American-Style Lager,,Domestic,,United States,Missouri,St. Louis,,,"Crisp, Clean, Balanced",Light-bodied,"Missouri- American-Style Lager- Brewed and sold since 1876, ""The King of Beers"" is the largest-selling beer in the world. Budweiser has been the world's best-selling beer since 1957, and is distributed in more than 70 countries.","https://www.totalwine.com/dynamic/x490,6pk/media/sys_master/twmmedia/hf0/hbe/11864992317470.png"
2,beers,Budweiser,Budweiser,23.49,,12oz - Case(24) cans,5.00%,Lager,American-Style Lager,,Domestic,,United States,Missouri,St. Louis,,,"Crisp, Clean, Balanced",Light-bodied,"Missouri- American-Style Lager- Brewed and sold since 1876, ""The King of Beers"" is the largest-selling beer in the world. Budweiser has been the world's best-selling beer since 1957, and is distributed in more than 70 countries.","https://www.totalwine.com/dynamic/x490,24ca/media/sys_master/twmmedia/he9/hd2/11864992088094.png"
3,beers,Bud Light,Bud Light,8.99,,12oz - Pack(6) btls,4.20%,Lager,Light Lager,,Domestic,,United States,Missouri,St. Louis,,,"Crisp, Balanced",Light-bodied,"Missouri - 4.2% - Light Lager -Bud Light is a light-bodied beer featuring a fresh, clean taste with a subtle hop aroma, delicate malt sweetness and a crisp finish that delivers the ultimate refreshment. 110 calories per 12oz serving.","https://www.totalwine.com/dynamic/x490,6pk/media/sys_master/twmmedia/hd6/h58/11864994840606.png"
4,beers,Bud Light,Bud Light,23.49,,12oz - Case(24) cans,4.20%,Lager,Light Lager,,Domestic,,United States,Missouri,St. Louis,,,"Crisp, Balanced",Light-bodied,"Missouri - 4.2% - Light Lager -Bud Light is a light-bodied beer featuring a fresh, clean taste with a subtle hop aroma, delicate malt sweetness and a crisp finish that delivers the ultimate refreshment. 110 calories per 12oz serving.","https://www.totalwine.com/dynamic/x490,24ca/media/sys_master/twmmedia/h80/h0a/11864994709534.png"
5,beers,Coors Light,Coors,8.99,,12oz - Pack(6) btls,4.20%,Lager,Light Lager,,Domestic,,United States,Colorado,Golden,,,"Crisp, Balanced",Light-bodied,Colorado- Light Lager- 4.2% ABV. Coors Light is a natural light lager beer that delivers Rocky Mountain cold refreshment with 4.2% ABV. Light calorie beer at 102 calories and 5g of carbs per 12 fluid ounces.,"https://www.totalwine.com/dynamic/x490,6pk/media/sys_master/twmmedia/h44/h82/13639902855198.png"
6,beers,Coors Light,Coors,23.49,,12oz - Case(24) cans,4.20%,Lager,Light Lager,,Domestic,,United States,Colorado,Golden,,,"Crisp, Balanced",Light-bodied,Colorado- Light Lager- 4.2% ABV. Coors Light is a natural light lager beer that delivers Rocky Mountain cold refreshment with 4.2% ABV. Light calorie beer at 102 calories and 5g of carbs per 12 fluid ounces.,"https://www.totalwine.com/dynamic/x490,24ca/media/sys_master/twmmedia/h8f/h56/15408418062366.png"
7,beers,Michelob Ultra,Michelob,8.99,,12oz - Pack(6) btls,4.20%,Lager,Light Lager,,Domestic,,United States,Missouri,St. Louis,,,"Crisp, Balanced",Light-bodied,"Missouri- Light Lager- 4.2% ABV. Missouri- Light Lager- 4.2% ABV. Light Lager brewed with Herkules hops and wholesome grains, producing a light citrus aroma and crisp, refreshing finish. Enjoy this light beer!","https://www.totalwine.com/dynamic/x490,6pk/media/sys_master/twmmedia/h29/hf8/11835385937950.png"
8,beers,Michelob Ultra,Michelob,24.49,,12oz - Case(24) cans,4.20%,Lager,Light Lager,,Domestic,,United States,Missouri,St. Louis,,,"Crisp, Balanced",Light-bodied,"Missouri- Light Lager- 4.2% ABV. Missouri- Light Lager- 4.2% ABV. Light Lager brewed with Herkules hops and wholesome grains, producing a light citrus aroma and crisp, refreshing finish. Enjoy this light beer!","https://www.totalwine.com/dynamic/x490,24ca/media/sys_master/twmmedia/h0a/h91/11835385839646.png"
9,beers,Miller Lite,Miller,8.99,,12oz - Pack(6) btls,4.20%,Lager,Light Lager,,Domestic,,United States,Wisconsin,Milwaukee,,,"Crisp, Balanced",Light-bodied,Wisconsin- Light Lager- 4.2% ABV. Miller Lite is the original light beer brewed for more taste with 4.2% ABV. Light calorie beer at only 96 calories with 3.2g of carbs per 12 fl. oz. serving. More taste. Half the carbs of Bud Light.,"https://www.totalwine.com/dynamic/x490,6pk/media/sys_master/twmmedia/h3e/h07/11941480759326.png"
10,beers,Miller Lite,Miller,23.49,,12oz - Case(24) cans,4.20%,Lager,Light Lager,,Domestic,,United States,Wisconsin,Milwaukee,,,"Crisp, Balanced",Light-bodied,Wisconsin- Light Lager- 4.2% ABV. Miller Lite is the original light beer brewed for more taste with 4.2% ABV. Light calorie beer at only 96 calories with 3.2g of carbs per 12 fl. oz. serving. More taste. Half the carbs of Bud Light.,"https://www.totalwine.com/dynamic/x490,24ca/media/sys_master/twmmedia/hec/h2f/11931346927646.png"
11,beers,Shiner Bock,Shiner,9.99,,12oz - Pack(6) btls,4.40%,Lager,American Amber/Red Lager,,Craft,,United States,Texas,Shiner,,,"Malty, Toasty, Grainy, Sweet",Light-bodied,"Texas- American Amber / Red Lager- 4.4% ABV. This is a distinctive, rich, full-flavored, deep amber-colored beer. It's handcrafted brewing process creates an inviting smooth taste without the excessive bitterness that characterizes many micro, specialty and imported beers.","https://www.totalwine.com/dynamic/x490,6pk/media/sys_master/twmmedia/hc5/hec/8818842140702.png"
12,beers,Shiner Bock,Shiner,15.99,,12oz - Pack(12) cans,4.40%,Lager,American Amber/Red Lager,,Craft,,United States,Texas,Shiner,,,"Malty, Toasty, Grainy, Sweet",Light-bodied,"Texas- American Amber / Red Lager- 4.4% ABV. This is a distinctive, rich, full-flavored, deep amber-colored beer. It's handcrafted brewing process creates an inviting smooth taste without the excessive bitterness that characterizes many micro, specialty and imported beers.","https://www.totalwine.com/dynamic/x490,12pk/media/sys_master/twmmedia/hd0/ha8/13607825506334.png"
13,beers,Shiner Light Blonde,Shiner,10.49,,12oz - Pack(6) btls,4.20%,Lager,American-Style Lager,,Craft,,United States,Texas,Shiner,,,"Crisp, Clean, Balanced",Light-bodied,"Texas- American-Style Lager- Pours a pale straw-yellow color. A light, clean aroma of sweet malts, grains, hay & grass. Taste is soft & smooth with sweet malts, grass, light adjunct grains & very little hops. A crisp, refreshing beer!","https://www.totalwine.com/dynamic/x490,6pk/media/sys_master/twmmedia/h34/h9b/14174307024926.png"
14,beers,Shiner Light Blonde,Shiner,15.99,,12oz - Pack(12) cans,4.20%,Lager,American-Style Lager,,Craft,,United States,Texas,Shiner,,,"Crisp, Clean, Balanced",Light-bodied,"Texas- American-Style Lager- Pours a pale straw-yellow color. A light, clean aroma of sweet malts, grains, hay & grass. Taste is soft & smooth with sweet malts, grass, light adjunct grains & very little hops. A crisp, refreshing beer!","https://www.totalwine.com/dynamic/x490,12pk/media/sys_master/twmmedia/h80/hba/14174310760478.png"
15,beers,Deep Ellum Dallas Blonde,Deep Ellum,8.99,,12oz - Pack(6) cans,5.20%,Ale,"Blonde Ale, American Blonde Ale",,Craft,,United States,Texas,Dallas,,,"Balanced, Grainy, Citrusy",Light-bodied,"Texas- American Blonde Ale- Pours an orange color with a white head. Aroma is of biscuit malt and a hint of grass, with a subtle hint of orange citrus. On the tongue, toffee, earthy character and biscuit malt notes are apparent with every sip.","https://www.totalwine.com/dynamic/x490,6pk/media/sys_master/twmmedia/h2d/hbb/15949507100702.png"
16,beers,Deep Ellum Dallas Blonde,Deep Ellum,14.99,,12oz - Pack(12) cans,5.20%,Ale,"Blonde Ale, American Blonde Ale",,Craft,,United States,Texas,Dallas,,,"Balanced, Grainy, Citrusy",Light-bodied,"Texas- American Blonde Ale- Pours an orange color with a white head. Aroma is of biscuit malt and a hint of grass, with a subtle hint of orange citrus. On the tongue, toffee, earthy character and biscuit malt notes are apparent with every sip.","https://www.totalwine.com/dynamic/x490,12pk/media/sys_master/twmmedia/h3b/h8b/12267770413086.png"
17,beers,Deep Ellum IPA,Deep Ellum,8.99,,12oz - Pack(6) cans,7.00%,Ale,"IPA (India Pale Ale), American IPA",,Craft,,United States,Texas,Dallas,,,"Hoppy, Citrusy, Piney, Spicy",Medium-bodied,"Texas- American India Pale Ale- 7.00% ABV. Pours an orangish-gold color with a large white head. Wafts of pine, resinous notes, light caramel malt and tropical fruit throughout the nose. Bits of caramel malt peaks on the tongue, but citrus fruit resides afterwards creating zestiness.","https://www.totalwine.com/dynamic/x490,6pk/media/sys_master/twmmedia/h2d/h2e/12267770445854.png"
18,beers,Deep Ellum IPA,Deep Ellum,14.99,,12oz - Pack(12) cans,7.00%,Ale,"IPA (India Pale Ale), American IPA",,Craft,,United States,Texas,Dallas,,,"Hoppy, Citrusy, Piney, Spicy",Medium-bodied,"Texas- American India Pale Ale- 7.00% ABV. Pours an orangish-gold color with a large white head. Wafts of pine, resinous notes, light caramel malt and tropical fruit throughout the nose. Bits of caramel malt peaks on the tongue, but citrus fruit resides afterwards creating zestiness.","https://www.totalwine.com/dynamic/x490,12pk/media/sys_master/twmmedia/h89/h63/12267770576926.png"
19,beers,Manhattan Project Half Life NE IPA,Manhattan Project,10.99,,12oz - Pack(6) cans,6.20%,Ale,"IPA (India Pale Ale), American IPA",,Craft,,United States,Texas,Dallas,,,,,Texas- American IPA- 6.2% ABV. Half-Life is always a crowd favorite for both craft beer fans and newcomers to the beer scene. Unfiltered NE inspired IPA that is interesting without being overpowering.,"https://www.totalwine.com/dynamic/x490,6pk/media/sys_master/twmmedia/hd3/h3c/13777101946910.png"
20,beers,Manhattan Project Necessary Evil,Manhattan Project,10.99,,12oz - Pack(6) cans,5.30%,Lager,Light Lager,,Craft,,United States,Texas,Dallas,,,,,"Texas- German Pilsner- 5.3% ABV. Our Pilsner is dry, crisp, and has a hint of hop character. The floral aspects of the hops, not the bitter. You will also pick up on herbal qualities. Like all Pilsners, ours is light in body and color.","https://www.totalwine.com/dynamic/x490,6pk/media/sys_master/twmmedia/h59/h43/14044489187358.png"
21,beers,Manhattan Project Hoppenheimer West Coast IPA,Manhattan Project,10.99,,12oz - Pack(6) cans,7.00%,Ale,"IPA (India Pale Ale), American IPA",,Craft,,United States,Texas,Dallas,,,,,"Texas- American IPA- 7.0% ABV. Perfectly balanced West Coast American IPA with dank hop aroma. You will detect pine, resin, and divine citrus. We hope you enjoy our India Pale Ale.","https://www.totalwine.com/dynamic/x490,6pk/media/sys_master/twmmedia/h28/h1a/14027936989214.png"
22,beers,Altstadt Hefeweizen,Altstadt,9.49,,12oz - Pack(6) cans,5.10%,Ale,"Wheat Ale, Hefeweizen",,Craft,,United States,Texas,Frederickburg,,,,,"Texas- Hefeweizen- 5.1% ABV. Brewed using open fermentation which gives our unfiltered beer flavors of clove and banana with a hazy, golden appearance. The low hop style lets the yeast and wheat malt shine.",https://static.specsonline.com/wp-content/uploads/2020/10/085361300753.jpg
23,beers,Altstadt Amber,Altstadt,9.49,,12oz - Pack(6) cans,4.80%,Ale,"Amber/Red Ale, Altbier",,Craft,,United States,Texas,Frederickburg,,,,,"Texas - Altbier - 4.8% ABV. Rich, malty, brewed with Pilsner, Munich & Crystal malts that create an amber color. Using Altbier yeast from Germany, our Amber provides toffee notes on the nose and finishes smooth.",https://static.specsonline.com/wp-content/uploads/2020/10/085361300747.jpg
24,beers,Altstadt Kolsch,Altstadt,9.49,,12oz - Pack(6) cans,4.80%,Ale,"Blonde Ale, Kolsch",,Craft,,United States,Texas,Frederickburg,,,,,"Texas- Kolsch- 4.8% ABV. Our Cologne Germany style Kolsch is a crisp well-balanced blend of German malts with a kiss of hops at the end. The result is a clean and refreshing, light golden colored beverage.",https://static.specsonline.com/wp-content/uploads/2020/10/085361300745.jpg
25,beers,Altstadt Lager,Altstadt,9.49,,12oz - Pack(6) cans,4.80%,Lager,Light Lager,,Craft,,United States,Texas,Frederickburg,,,,,"Texas- Lager- 4.8% ABV. A light, friendly, malt centric beverage that features just enough German noble hops to balance its maltiness. A beer brewed with the finest German malts and hops from Munich's neighboring Hallertau region and a bottom fermenting yeast from Weihenstephan.",https://static.specsonline.com/wp-content/uploads/2020/10/085361300743.jpg
26,beers,Karbach Love Street,Karbach,9.99,,12oz - Pack(6) btls,4.90%,Ale,"Blonde Ale, American Blonde Ale",,Craft,,United States,Texas,Houston,,,"Crisp, Grainy, Floral",Light-bodied,"Texas- Kolsch- 4.9% ABV. Love Street is a state of mind. Brewed in the Kolsch-style and hopped delicately with floral German hops, this beer boast a clean malt profile that refreshes to the core without sacrificing character.","https://www.totalwine.com/dynamic/x490,6pk/media/sys_master/twmmedia/h31/h51/14202676117534.png"
27,beers,Karbach Love Street,Karbach,17.99,,12oz - Pack(12) cans,4.90%,Ale,"Blonde Ale, American Blonde Ale",,Craft,,United States,Texas,Houston,,,"Crisp, Grainy, Floral",Light-bodied,"Texas- Kolsch- 4.9% ABV. Love Street is a state of mind. Brewed in the Kolsch-style and hopped delicately with floral German hops, this beer boast a clean malt profile that refreshes to the core without sacrificing character.","https://www.totalwine.com/dynamic/x490,12pk/media/sys_master/twmmedia/h89/hf6/10336099565598.png"
28,beers,Karbach Hopadillo IPA,Karbach,9.99,,12oz - Pack(6) cans,6.60%,Ale,"IPA (India Pale Ale), American IPA",,Craft,,United States,Texas,Houston,,,"Hoppy, Citrusy, Piney, Spicy",Medium-bodied,"Texas- American India Pale Ale (IPA)- 6.6% ABV. 65 IBUs. Pours a deep amber orange with a thick, creamy white head and big aromas of grapefruit, pine and some sweet breadiness. Citrus flavor followed by pine, caramel malts and a bit of bread. Finishes with a hoppy citrus kick. Enjoy!","https://www.totalwine.com/dynamic/x490,6pk/media/sys_master/twmmedia/h83/hd3/15949507559454.png"
29,beers,Dos Equis Lager Especial,Dos Equis,9.49,,12oz - Pack(6) btls,4.20%,Lager,Mexican-Style Lager,,Import,,Mexico,Nuevo Leon,Monterrey,,,"Crisp, Clean, Balanced",Light-bodied,"Mexico- Mexican Pale Lager- 4.2% ABV. Dos Equis Lager Especial is a golden pilsner-style beer made from pure spring water and the choicest hops. With a balanced composition and a smooth, clean finish, its the party guest who is always invited and never overstays his welcome.","https://www.totalwine.com/dynamic/x490,6pk/media/sys_master/twmmedia/h51/he7/16766379687966.png"
30,beers,Dos Equis Lager Especial,Dos Equis,27.99,,12oz - Case(24) cans,4.20%,Lager,Mexican-Style Lager,,Import,,Mexico,Nuevo Leon,Monterrey,,,"Crisp, Clean, Balanced",Light-bodied,"Mexico- Mexican Pale Lager- 4.2% ABV. Dos Equis Lager Especial is a golden pilsner-style beer made from pure spring water and the choicest hops. With a balanced composition and a smooth, clean finish, its the party guest who is always invited and never overstays his welcome.","https://www.totalwine.com/dynamic/x490,24pk/media/sys_master/twmmedia/hda/h4a/14536622145566.png"
31,beers,Pacifico Clara,Pacifico,9.99,,12oz - Pack(6) btls,4.40%,Lager,Mexican-Style Lager,,Import,,Mexico,Sinaloa,Mazaltan,,,"Crisp, Clean, Balanced",Light-bodied,"Mexico- American-Style Lager- 4.4% ABV. This is a Pilsner-style, clear beer with a refreshing, smooth taste. Most of the Pacifico production takes place at its brewery in Pacifico, in the Mexican state of Sinaloa.","https://www.totalwine.com/dynamic/x490,6pk/media/sys_master/twmmedia/h22/hb9/11943439532062.png"
32,beers,Pacifico Clara,Pacifico,16.99,,12oz - Pack(12) cans,4.40%,Lager,Mexican-Style Lager,,Import,,Mexico,Sinaloa,Mazaltan,,,"Crisp, Clean, Balanced",Light-bodied,"Mexico- American-Style Lager- 4.4% ABV. This is a Pilsner-style, clear beer with a refreshing, smooth taste. Most of the Pacifico production takes place at its brewery in Pacifico, in the Mexican state of Sinaloa.","https://www.totalwine.com/dynamic/x490,12pk/media/sys_master/twmmedia/h23/h50/11943439499294.png"
33,beers,Modelo Especial,Modelo,9.49,,12oz - Pack(6) btls,4.40%,Lager,Mexican-Style Lager,,Import,,Mexico,Mexico City,Mexico City,,,"Crisp, Clean, Balanced",Light-bodied,"Mexico- American-Style Lager- 4.4% ABV. A rich, full-flavored Pilsner-style lager delivering a refreshing, well-balanced taste and light hop character with a crisp, clean finish. Brewed with Water, Barley Malt, Non-malted Cereals and Hops.","https://www.totalwine.com/dynamic/x490,6pk/media/sys_master/twmmedia/hed/h07/11943437533214.png"
34,beers,Modelo Especial,Modelo,25.99,,12oz - Case(24) cans,4.40%,Lager,Mexican-Style Lager,,Import,,Mexico,Mexico City,Mexico City,,,"Crisp, Clean, Balanced",Light-bodied,"Mexico- American-Style Lager- 4.4% ABV. A rich, full-flavored Pilsner-style lager delivering a refreshing, well-balanced taste and light hop character with a crisp, clean finish. Brewed with Water, Barley Malt, Non-malted Cereals and Hops.","https://www.totalwine.com/dynamic/x490,24ca/media/sys_master/twmmedia/h3f/hed/11943437500446.png"
35,beers,Asahi Super Dry,Asahi,9.99,,11oz - Pack(6) btls,5.20%,Lager,Japanese Rice Lager,,Import,,Japan,Hokkaido,Sapporo,,,"Crisp, Clean, Balanced",Light-bodied,"Japan- Japanese Rice Lager- 5.2% ABV. Asahi is the #1 selling beer in Japan. Asahi's advanced brewing techniques deliver a dry, crisp and quick finish. We call it Karakuchi Taste.","https://www.totalwine.com/dynamic/x490,6pk/media/sys_master/twmmedia/hbe/h37/16826351124510.png"
36,beers,Asahi Super Dry,Asahi,18.99,,11.2oz - Pack(12) cans,5.20%,Lager,Japanese Rice Lager,,Import,,Japan,Hokkaido,Sapporo,,,"Crisp, Clean, Balanced",Light-bodied,"Japan- Japanese Rice Lager- 5.2% ABV. Asahi is the #1 selling beer in Japan. Asahi's advanced brewing techniques deliver a dry, crisp and quick finish. We call it Karakuchi Taste.","https://www.totalwine.com/dynamic/x490,12pk/media/sys_master/twmmedia/ha6/hae/16823296753694.png"
37,beers,Sapporo Premium Beer,Sapporo,10.49,,12oz - Pack(6) btls,4.90%,Lager,Japanese Rice Lager,,Import,,Japan,Hokkaido,Sapporo,,,"Crisp, Clean, Balanced",Light-bodied,"Japan/Canada/Wisconsin - Japanese Rice Lager- With a rich gold color and refined bitterness, Sapporo Premium delivers an amazingly crisp, perfectly balanced taste and a smooth finish. This sessionable beer pairs well with any food choice.","https://www.totalwine.com/dynamic/x490,6pk/media/sys_master/twmmedia/h79/h68/14554449084446.png"
38,beers,Sapporo Premium Beer,Sapporo,18.49,,12oz - Pack(12) cans,4.90%,Lager,Japanese Rice Lager,,Import,,Japan,Hokkaido,Sapporo,,,"Crisp, Clean, Balanced",Light-bodied,"Japan/Canada/Wisconsin - Japanese Rice Lager- With a rich gold color and refined bitterness, Sapporo Premium delivers an amazingly crisp, perfectly balanced taste and a smooth finish. This sessionable beer pairs well with any food choice.","https://www.totalwine.com/dynamic/x490,12pk/media/sys_master/twmmedia/hb0/h57/14554451574814.png"
39,beers,Kirin Ichiban,Kirin,10.49,,12oz - Pack(6) btls,4.90%,Lager,Japanese Rice Lager,,Import,,Japan,Kanagawa,Yokohama,,,"Crisp, Clean, Balanced",Light-bodied,Japan- Light Lager- 4.9% ABV. A premium 100% malt beer brewed with the first-press method offering smooth and rich flavor It's a hazy gold in color with malt up front & a nice hop finish at the end.,"https://www.totalwine.com/dynamic/x490,6pk/media/sys_master/twmmedia/h2d/hc9/11891400835102.png"
40,wines,"Trefethen Cabernet, 2018",Trefethen,46.99,2018,750ml,14.30%,Red Wine,Elegant,,,Cabernet Sauvignon,United States,California,,Napa Valley,,"Cherry, Red Berry",Full-bodied,"Decanter-Napa Valley, California - ""Rich, deep red garnet color with aromas and flavors of black currant, ripe plum, and blackberry. Notes of lavender, cocoa, and leather are layered with black pepper and vanilla bean. Full-bodied and intense, this wine is balanced and well-structured...""","https://www.totalwine.com/dynamic/x490,sq/media/sys_master/twmmedia/h2a/h42/13046873718814.png"
41,wines,"Rodney Strong Cabernet Sauvignon Reserve, 2015",Rodney Strong,43.99,2015,750ml,14.50%,Red Wine,,,,Cabernet Sauvignon,United States,California,,Sonoma County,,,Full-bodied,"Decanter-Alexander Valley, Sonoma, CA- ""Wonderfully refined, sumptuous and complex. Notes of dense ripe red fruits, generous blackcurrants and warm spice with cedar wood, tobacco, dark plum and chocolate. Powerful and rich yet with real elegance and finesse.""","https://www.totalwine.com/dynamic/x490,sq/media/sys_master/twmmedia/h73/hb1/12291770777630.png"
42,wines,"Carmen Cabernet Sauvignon Delanz, 2018",Carmen,29.99,2018,750ml,13.50%,Red Wine,Elegant,,,Cabernet Sauvignon,Chile,,,Maipo Valley,,"Red Fruit, Violet, Spice",Full-bodied,"Decanter-Chile - ""Breezy and fresh nose of black fruit, sweet oak and touches of cedar. Violets and mint undertones. Grippy ripe tannin and clean acidic bite on the palate. Classy finish.""","https://www.totalwine.com/dynamic/x490,sq/media/sys_master/twmmedia/h39/h1f/14306557853726.png"
43,wines,"Martin Ray Cabernet Sauvignon Napa , 2018",Martin Ray,37.99,2018,750ml,14.10%,Red Wine,Intense,,,Cabernet Sauvignon,United States,California,,Napa Valley,,"Blueberry, Cassis, Cedar",Full-bodied,"James Suckling-Napa, California - ""Deep and manicured with blueberry and blackberry aromas and flavors. Full-bodied and tight with super polished tannins and a tight, racy finish. Beautifully crafted tannins make this exciting.""","https://www.totalwine.com/dynamic/x490,sq/media/sys_master/twmmedia/hf8/hec/14938337968158.png"
44,wines,"Benziger Cabernet Sauvignon Sonoma County, 2018",Benziger Family Winery,12.99,2018,750ml,14.10%,Red Wine,,,,Cabernet Sauvignon,United States,California,,Sonoma County,,,Full-bodied,"The Tasting Panel-Sonoma, CA- ""An exceptionally juicy, dark-fruited beauty with a stellar mouthfeel defined by dried lavender, dark chocolate, and black plum. Sweet tobacco contributes savoriness to tilled soil as soy sauce converges with salty minerality on the sleek finish.""","https://www.totalwine.com/dynamic/x490,sq/media/sys_master/twmmedia/h93/hd1/12338774802462.png"
45,wines,"Belle Glos Pinot Noir Las Alturas, 2019",Belle Glos,49.99,2019,750ml,14.80%,Red Wine,,,,Pinot Noir,United States,California,,Monterey,Santa Lucia Highlands,"Black Cherry, Plum",Full-bodied,"Wine Enthusiast-Santa Lucia Highlands, Monterey, CA - ""Firm lines of graphite and loamy earth streak through the opulent aromas of black plum and dried violet on the nose of this brooding Pinot Noir. The palate is a whirlwind of exuberance, as leathery tannins wrap around more graphite minerality,..""","https://www.totalwine.com/dynamic/x490,sq/media/sys_master/twmmedia/h71/h7c/12291768254494.png"
46,wines,"Domaine Drouhin Pinot Noir, 2018",Domaine Drouhin,38.97,2018,750ml,14.10%,Red Wine,Intense,,,Pinot Noir,United States,Oregon,,Willamette Valley,,"Cherry, Smoke",Medium-bodied,"Wine Advocate-Willamette Valley, Oregon - ""Medium ruby-purple, the 2018 Pinot Noir Dundee Hills opens with savory notions of leather, graphite and tobacco with a core of red and blue berry fruits. The palate is medium-bodied with concentrated, incredibly spicy flavor layers, firm and super fresh...""","https://www.totalwine.com/dynamic/x490,sq/media/sys_master/twmmedia/he5/h5c/12336190586910.png"
47,wines,"Elk Cove Pinot Noir Willamette, 2017",Elk Cove,24.99,2017,750ml,13.50%,Red Wine,Intense,,,Pinot Noir,United States,Oregon,,Willamette Valley,,Cherry,Medium-bodied,"Wine Enthusiast-Willamette Valley, Oregon - ""There's a deep-set, dark-cherry core that delivers on the nose and palate here with a sleek, fine-boned feel to the tannins that carry very even and long. Neatly detailed. Plenty of fresh and vibrant red cherries...""","https://www.totalwine.com/dynamic/x490,sq/media/sys_master/twmmedia/h2c/ha5/8796505112606.png"
48,wines,"Talbott Pinot Noir Kali Hart , 2018",Talbott,16.97,2018,750ml,14.00%,Red Wine,Elegant,,,Pinot Noir,United States,California,,Monterey,,"Cranberry, Plum, Red Currant",Medium-bodied,"Wine Enthusiast-Monterey County, California - """"Reliably one of the more fairly priced Pinot Noirs in California each vintage, this year's bottling begins with aromas of dark red fruit, baked soil and marjoram...... """"","https://www.totalwine.com/dynamic/x490,sq/media/sys_master/twmmedia/h08/hce/12291791159326.png"
49,wines,"Kendall Jackson Pinot Noir Vintner's Reserve, 2019",Kendall Jackson,15.97,2019,750ml,14.50%,Red Wine,,,,Pinot Noir,United States,California,,,,,Medium-bodied,"Wine Enthusiast-California - ""Vivid fruit, toasted oak and black-tea flavors find excellent balance and make a great impression on the palate as this full-bodied wine layers complexity on depth. It shows a nice tension in the texture, lifting black-cherry, rhubarb and hints of mushrooms.""","https://www.totalwine.com/dynamic/x490,sq/media/sys_master/twmmedia/h45/h0c/12104358985758.png"
50,wines,"Harvey & Harriet Red Paso Robles, 2018",Harvey & Harriet,28.97,2018,750ml,14.90%,Red Wine,Intense,,,Red Blend,United States,California,,Central Coast,Paso Robles,"Black Fruit, Spice, Cassis",Full-bodied,"Jeb Dunnuck-Paso Robles, CA- ""Tasted out of barrel, the 2018 Harvey and Harriet sports a deep purple color as well as a powerful bouquet of ripe black fruits...Full-bodied, ripe...it has hints of background oak, a rounded, opulent texture, no hard edges, and a great finish."" (Barrel Score 93-95)","https://www.totalwine.com/dynamic/x490,sq/media/sys_master/twmmedia/h95/hdd/12674933751838.png"
51,wines,"Invicta By Merus Red Blend Sonoma, 2019",Invicta by Merus,19.99,2019,750ml,14.60%,Red Wine,Elegant,,,Red Blend,United States,California,,Sonoma County,,"Cherry, Cocoa",Full-bodied,"Beverage Dynamics-Alexander Valley, California - ""Rich, elegant and structured, with bold fruit-forward flavors. Blackberry jam and black currant invigorate this blend from a hailed California producer.""","https://www.totalwine.com/dynamic/x490,sq/media/sys_master/twmmedia/h3c/h9e/15843101311006.png"
52,wines,"Leviathan Red Blend California, 2018",Leviathan,39.99,2018,750ml,14.90%,Red Wine,Fresh,,,Red Blend,United States,California,,,,"Black Raspberry, Red Cherry",Full-bodied,"Jeb Dunnuck-Napa, CA- ""Always a great value...Bordeaux blend put together by Andy Erickson. The wine reveals a ruby/purple hue as well as complex notes of red and black fruits, green tobacco, cedary spice, and spring flowers. These all flow to a medium to full-bodied, elegant wine...""","https://www.totalwine.com/dynamic/x490,sq/media/sys_master/twmmedia/h50/h9d/14160555311134.png"
53,wines,"Caiarossa Toscana Pergolaia, 2016",Pergolaia,32.99,2016,750ml,14.00%,Red Wine,Elegant,,,Red Blend,Italy,,,Tuscany,Toscana,"Floral, Spice, Berry",Full-bodied,"Wine Spectator-Toscana, Tuscany, Italy- ""Flavors of black cherry and blackberry stand up to the dense tannins in this fresh, deep and intense red, but this is equally about the vibrant acidity driving the fruit, wild herb nuances and spice-infused aftertaste..."" [WS 2020 TOP 100 #20]","https://www.totalwine.com/dynamic/x490,sq/media/sys_master/twmmedia/hde/hc9/14569187704862.png"
54,wines,"J. Navascues La Pinada Bobal, 2017",La Pinada,14.99,2017,750ml,14.50%,Red Wine,Elegant,,,Red Blend,Spain,,,Valencia,,"Blackberry, Cherry",Medium-bodied,"James Suckling-Valencia, Spain - ""A linear and bright Bobal with juicy-fruit, sweet-herb and black-tea aromas and flavors. Medium to full body. Juicy tannins."" Pairs wonderfully with a rice dish, such as paella.","https://www.totalwine.com/dynamic/x490,sq/media/sys_master/twmmedia/hc5/hc5/12939045142558.png"
55,wines,"Chateau De La Chapelle Blaye Cotes De Bordeaux, 2018",Chateau de la Chapelle,24.99,2018,750ml,14.00%,Red Wine,Elegant,,,Bordeaux,France,,,Bordeaux,Blaye/Cotes de Bordeaux,"Black Currant, Black Cherry",Medium-bodied,"Decanter-Bordeaux, France - Decanter Best in Show Winner - ""This unoaked wine is a saturated deep purple-black in colour, with ... aromas of warm blackcurrant and black cherry fruits and sweet, fresh plums. On the palate, it is ... a torrent of pure fruit, soft tannins and juicy acidity.""","https://www.totalwine.com/dynamic/x490,sq/media/sys_master/twmmedia/hef/hc5/15213372014622.png"
56,wines,"Chateau Lamarque Haut Medoc, 2019",Chateau de Lamarque,29.99,2019,750ml,14.00%,Red Wine,,,,Bordeaux,France,,,Bordeaux,Haut-Medoc,"Berry, Fruity",Full-bodied,"James Suckling-Haut-Medoc, Bordeaux, France- ""Plenty of dark-berry, spice and sandalwood aromas follow through to a full to medium body with integrated, chewy tannins that are long and focused. Pretty finish with plenty of energy and intensity. Perhaps the best Lamarque ever""","https://www.totalwine.com/dynamic/x490,sq/media/sys_master/twmmedia/hcc/h53/16851583565854.png"
57,wines,"Chateau Lilian Ladouys St. Estephe, 2019",Chateau Lilian Ladouys,34.99,2019,750ml,12.50%,Red Wine,Elegant,,,Bordeaux,France,,,Bordeaux,Saint-Estephe,"Dark Berry, Chocolate, Herb",Full-bodied,"Wine Enthusiast-St, Estephe, Bordeaux, France- ""This full, sumptuous wine brings together ripe tannins and ripe black currant fruits. Its richness, mitigated by the tight acidity and tannins, is full of promise for a long-term future.""","https://www.totalwine.com/dynamic/x490,sq/media/sys_master/twmmedia/h56/hd7/16964031414302.png"
58,wines,"Chateau Lague Fronsac, 2019",Chateau Lague,16.99,2019,750ml,14.00%,Red Wine,Intense,,,Bordeaux,France,,,Bordeaux,Fronsac/Canon Fronsac,"Raspberry, Cherry",Full-bodied,"James Suckling-Fronsac, Bordeaux, France- ""Another excellent Fronsac with currant, blueberry and orange-peel aromas and flavors. Full-bodied, yet tight and focused. Flavorful juicy finish.""","https://www.totalwine.com/dynamic/x490,sq/media/sys_master/twmmedia/h7f/h07/16873124397086.png"
59,wines,"Chateau De Ferrand St-Emilion Grand Cru, 2018",Chateau de Ferrand,26.99,2018,375ml,14.00%,Red Wine,Intense,,,Bordeaux,France,,,Bordeaux,Saint-Emilion,"Blackberry, Chocolate, Violet",Full-bodied,"James Suckling-Grand Cru Classe, St Emilion, Bordeaux, FR- """"Beautiful purity of fruit on the nose with currant, cherry, blackberry and dried lavender. Fullbodied, yet balanced and refined with beautiful, fine tannins and a fresh, vivid finish. I am impressed with the intensity and balance to this...""""","https://www.totalwine.com/dynamic/x490,375ml/media/sys_master/twmmedia/h00/h51/11347568394270.png"
60,wines,"Trivento Golden Reserve Malbec, 2018",Trivento,19.99,2018,750ml,14.50%,Red Wine,Intense,,,Malbec,Argentina,,,Mendoza,,"Plum, Spice",Full-bodied,"Decanter-Mendoza, Argentina- ""Fresh and fragrant nose of lavander, balsamic, plums, thyme, black pepper and sweet black cherries. Nice crunchy graphite texture, with a lovely core of fruit concentration supported by a lively acidity. Smart and delicious.""","https://www.totalwine.com/dynamic/x490,sq/media/sys_master/twmmedia/h7c/h31/9680898228254.png"
61,wines,"Angelica Zapata Malbec, 2017",Angelica Zapata,49.99,2017,750ml,14.00%,Red Wine,Elegant,,,Malbec,Argentina,,,Mendoza,,"Plum, Black Fruit, Clove",Full-bodied,"James Suckling-Mendoza, Argentina - ""This is showing some nice age now with tight, dense fruit and fine, dusty tannins. It offers berry, chocolate and hazelnut flavors. Subtle complexity. Savory finish...""","https://www.totalwine.com/dynamic/x490,sq/media/sys_master/twmmedia/h87/h38/15972229578782.png"
62,wines,"Clos De Los Siete, 2017",Close de los Sieste,19.99,2017,750ml,14.50%,Red Wine,Elegant,,,Malbec,Argentina,,,Mendoza,,"Black Fruit, Spice",Full-bodied,"James Suckling-Mendoza, Argentina - ""A very refined, creamy wine, showing blackberries and blueberries with chocolate and light hazelnut notes. Medium to full body. The fine tannins are polished and creamy and the beautiful, reserved finish goes on for a really long time...""","https://www.totalwine.com/dynamic/x490,sq/media/sys_master/twmmedia/h0e/hc3/10737623891998.png"
63,wines,"Ben Marco Expresivo Mendoza, 2017",Ben Marco,31.99,2017,750ml,14.00%,Red Wine,Concentrated,,,Malbec,Argentina,,,Mendoza,Lujan de Cuyo,"Raspberry, Plum",Full-bodied,"James Suckling-Valle de Uco, Mendoza, Argentina- ""A blend of malbec and cabernet franc, this red shows depth and focus with tightness and beauty. Full-bodied and very tight with some tar and asphalt. Very long and compact.""","https://www.totalwine.com/dynamic/x490,sq/media/sys_master/twmmedia/hdf/h8a/8809261957150.png"
64,wines,"Zuccardi Malbec Concreto, 2019",Zuccardi,30.99,2019,750ml,14.00%,Red Wine,,,,Malbec,Argentina,,,,,,Full-bodied,"James Suckling-Mendoza, Argentina- ""Lots of blackberry and blueberry character with stone and dried mint. It's fermented with skins in concrete and aged there for eight months. This no-wood red is a joy.""","https://www.totalwine.com/dynamic/x490,sq/media/sys_master/twmmedia/h7d/h34/13906523619358.png"
65,wines,Ed Edmundo Chardonnay,Ed Edmundo,9.99,,750ml,13.00%,White Wine,Oak,,,Chardonnay,Argentina,,,Mendoza,,"Butter, Oak, Passionfruit",Medium-bodied,"Mendoza, Argentina - This a lovely medium-bodied Chardonnay. Notes of butter and apple pie on the nose. Round with a good balancing acidity on the palate. Excellent pairing for grilled fish and vegetables.","https://www.totalwine.com/dynamic/x490,sq/media/sys_master/twmmedia/hb1/h05/11891399262238.png"
66,wines,"Courtney Benham Chardonnay Napa, 2019",Courtney Benham,19.99,2019,750ml,13.40%,White Wine,Elegant,,,Chardonnay,United States,California,,Napa Valley,Oak Knoll,"Citrus, Vanilla, Honeysuckle",Medium-bodied,"James Suckling-Oak Knoll, Napa, CA- ""A fresh, linear chardonnay with sliced ripe apples, honey and some nougat and pralines. Medium to full body, pretty acidity and a fruity finish. Stone and creamy intensity to this. Even some peaches...""","https://www.totalwine.com/dynamic/x490,sq/media/sys_master/twmmedia/h8f/hd6/11785436495902.png"
67,wines,"Gary Farrell Chardonnay Russian River Valley, 2018",Gary Farrell Winery,27.49,2018,750ml,13.30%,White Wine,,,,Chardonnay,United States,California,,Sonoma County,Russian River Valley,,Medium-bodied,"Wine Enthusiast-Russian River Valley, California - ""This wine offers such tremendous value and quality-it should be on everyone's go-to list for Russian River Valley Chardonnay. Lime, fig and grapefruit rind flavors ride along a lifted character of crushed stone texture and bright acidity...""","https://www.totalwine.com/dynamic/x490,sq/media/sys_master/twmmedia/h41/heb/17009005035550.png"
68,wines,"Trefethen Chardonnay, 2018",Trefethen,31.99,2018,750ml,13.50%,White Wine,,,,Chardonnay,United States,California,,Napa Valley,Oak Knoll,,Medium-bodied,"Decanter-Oak Knoll District, Napa Valley, California- ""A delicious, enticing Chardonnay which draws you into the glass with its fresh lemon rind and pith characters, balanced by a touch of perfectly judged oak sweetness. Very textural, showing strident fruit and a juicy finish.""","https://www.totalwine.com/dynamic/x490,sq/media/sys_master/twmmedia/h71/hf2/13046873686046.png"
69,wines,"Ramey Chardonnay Russian River, 2018",Ramey,42.99,2018,750ml,14.50%,White Wine,Elegant,,,Chardonnay,United States,California,,Sonoma County,Russian River Valley,"Green Apple, Pear",Medium-bodied,"Wine Enthusiast-Russian River Valley, Sonoma, California - ""An incredible showcase for the appellation, this combines grapes from the producer's estate Westside Farms with Dutton, Woolsey Road and Rochioli Allen, among others. Together it is broadly floral, earthy and richly integrated...""","https://www.totalwine.com/dynamic/x490,sq/media/sys_master/twmmedia/hdf/hc5/8812513820702.png"
70,wines,Mato Bay Marlborough Sauvignon Blanc,Mato Bay,9.99,,750ml,12.50%,White Wine,Dry,,,Sauvignon Blanc,New Zealand,,,Marlborough,,"Passionfruit, Citrus",Light-bodied,"Marlborough, New Zealand - The ultimate crisp and classic Marlborough Sauvignon Blanc. Refreshing tropical and passionfruit flavors with aromas of zesty grapefruit on the nose. It has a fresh, structured acidity and a clean, lingering finish.","https://www.totalwine.com/dynamic/x490,sq/media/sys_master/twmmedia/hac/h3e/15078179209246.png"
71,wines,"Allan Scott Sauvignon Blanc, 2021",Allan Scott,18.99,2021,750ml,12.50%,White Wine,Fresh,,,Sauvignon Blanc,New Zealand,,,Marlborough,,"Passionfruit, Melon",Medium-bodied,"Wine Spectator-Marlborough, New Zealand - "" Strikes a terrific balance between mouthwatering acidity, fresh herbal notes of lemon verbena and thyme, and core flavors of Key lime, Meyer lemon, pineapple and tangerine. Gains momentum on the finish, where the flavors sing in harmony and complexity.""","https://www.totalwine.com/dynamic/x490,sq/media/sys_master/twmmedia/h6d/ha8/8815720071198.png"
72,wines,"Cloudy Bay Sauvignon Blanc, 2021",Cloudy Bay,25.99,2021,750ml,13.50%,White Wine,Crisp,,,Sauvignon Blanc,New Zealand,,,Marlborough,,"Citrus, Tropical",Medium-bodied,"Wine Spectator-Marlborough, New Zealand- Intense and fresh, with green apple, dried pineapple, candied ginger and lemon curd flavors that show a hint of ripe melon, followed by details of lemon verbena on the finish.","https://www.totalwine.com/dynamic/x490,sq/media/sys_master/twmmedia/hcf/h07/12343344201758.png"
73,wines,Salmon Sancerre Sauvignon Blanc,Domaine Salmon,39.99,,750ml,12.50%,White Wine,Crisp,,,Sauvignon Blanc,France,,,Loire,Sancerre,"Citrus, Mineral",Medium-bodied,"Sancerre, Loire Valley, France- Made from old vines, which intensifies the flavor, this estate-bottled wine is a fine expression of Sauvignon Blanc. Refreshingly zesty with crisp notes of citrus and minerals, dry and complex. Enjoy with soft cheeses like goat cheese.","https://www.totalwine.com/dynamic/x490,sq/media/sys_master/twmmedia/hfe/haa/16835216998430.png"
74,wines,"Merry Edwards Sauvignon Blanc, 2018",Merry Edwards,47.99,2018,750ml,14.00%,White Wine,Crisp,,,Sauvignon Blanc,United States,California,,Sonoma County,Russian River Valley,"Citrus, Pear",Medium-bodied,"Wine Spectator-Russian River Valley, California - ""A pretty thread of orange water adds an aromatic lift to the core of nectarine, apricot and lemon zest flavors, set on a succulent, fleshy frame. Dried ginger, honeysuckle and melon notes linger on the long, expressive finish.""","https://www.totalwine.com/dynamic/x490,sq/media/sys_master/twmmedia/h0d/hf3/11986430918686.png"
75,wines,Conte Priola Pinot Grigio,Conte Priola,8.99,,750ml,12.00%,White Wine,Crisp,,,Pinot Grigio,Italy,,,,,"Citrus, Apple",Light-bodied,"Italy- Crisp yet delicate, this dry, light-bodied wine has refreshing citrus flavors and represents an excellent value. Have it as an aperitif with light hors d'oeuvres or with a seafood lunch or dinner.","https://www.totalwine.com/dynamic/x490,sq/media/sys_master/twmmedia/h58/h74/16889970917406.png"
76,wines,"King Estate Pinot Gris Willamette Valley, 2019",King Estate,15.99,2019,750ml,13.40%,White Wine,Crisp,,,Pinot Grigio,United States,Oregon,,Willamette Valley,,"Citrus, Pear",Medium-bodied,"Wine Enthusiast-Willamette Valley, Oregon - ""From a certified biodynamic vineyard, this white offers mouthcoating flavors of apple, peach and grapefruit brightened by sappy acidity. The vivid freshness and exceptional length of this wine make it a good match for poultry, pork, pasta salads and ...""","https://www.totalwine.com/dynamic/x490,sq/media/sys_master/twmmedia/h62/h80/17159084212254.png"
77,wines,Tesoro Della Regina Pinot Grigio,Tesoro della Regina,16.49,,750ml,12.50%,White Wine,Elegant,,,Pinot Grigio,Italy,,,Valdadige,,"Apple, Citrus, Mineral",Medium-bodied,"Italy - A sunny day. An empty glass. How about a new Pinot Grigio? If you are into brilliant, bright flavors of green apple, citrus and minerality, search no more. We think this treasure is a terrific value from Northern Italy that's sure to be your new go-to.","https://www.totalwine.com/dynamic/x490,sq/media/sys_master/twmmedia/h7d/h9e/15078179373086.png"
78,wines,Conte Fini Pinot Grigio Alto Adige,Conte Fini,22.99,,750ml,12.50%,White Wine,Crisp,,,Pinot Grigio,Italy,,,Alto-Adige,,"Citrus, Mineral",Full-bodied,"Alto Adige, Italy- This beautifully balanced Pinot Grigio from Italy's Alto Adige region in northern Italy offers bright citrus fruit flavors with underlying mineral notes and a lengthy finish. It's a perfect match for lobster and shellfish.","https://www.totalwine.com/dynamic/x490,sq/media/sys_master/twmmedia/heb/h26/12343340498974.png"
79,wines,"Anne De K Pinot Gris Schlossberg Grand Cru, 2017",Anne de K,34.99,2017,750ml,13.00%,White Wine,Crisp,,,Pinot Grigio,France,,,Alsace,,"Apricot, Peach",Full-bodied,"Wine Enthusiast-Alsace, France - ""Hints of peach and juicy pear are subtle on this wine's shy nose. The fruit breaks through fully on the palate to present a medium-sweet rendition of canned peaches. Lovely freshness underscores the vivid juiciness of this medium-sweet wine.""","https://www.totalwine.com/dynamic/x490,sq/media/sys_master/twmmedia/h1d/ha2/8796438691870.png"
80,wines,"Dr. Loosen ""Dr. L"" Riesling",Dr Loosen,8.47,,750ml,8.50%,White Wine,Crisp,,,Riesling,Germany,,,Mosel,,"Peach, Citrus, Mineral",Light-bodied,"Mosel-Saar-Ruwer, Germany- Sourced exclusively from vineyards with steep slopes and slate soil, this wine embodies the elegant and racy style of classic Mosel Riesling. Displaying snappy peach and juicy citrus fruit highlighted by crisp mineral notes on the complex finish. Great value.","https://www.totalwine.com/dynamic/x490,sq/media/sys_master/twmmedia/hf0/h44/12343424614430.png"
81,wines,"Dr Heidemanns Riesling QbA, 2020",Dr Heidemanns-Bergweiler,13.99,2020,750ml,10.00%,White Wine,Off-dry,,,Riesling,Germany,,,Mosel,Bernkastel,"Apple, Peach",Medium-bodied,"Bernkastel, Mosel, Germany- Apple and peach flavors infuse this crisp and refreshing Riesling from Dr. Heidemanns, world renowned as one of the finest estates in the Mosel. With flavors that are light and lingering, enjoy as an aperitif paired with spicy shrimp stir-fry.","https://www.totalwine.com/dynamic/x490,sq/media/sys_master/twmmedia/h7c/h59/13287131185182.png"
82,wines,"Winzer Krems Riesling Kreuzberg Reserve, 2017",Winzer Krems,27.99,2017,750ml,13.50%,White Wine,Sweet,,,Riesling,Austria,,,Kremstal,,"Apple, Peach",Light-bodied,"Wine Enthusiast-Kremstal, Austria - ""The palate is zesty and juicy, with a lovely, tingling and pure freshness that is quite invigorating. That lovely zestiness runs from beginning to end and culminates on a dry, mouthwatering finish.""","https://www.totalwine.com/dynamic/x490,sq/media/sys_master/twmmedia/hc3/heb/9923602612254.png"
83,wines,"Dr Thanisch Badstube Kabinett, 2017",Dr Thanisch,31.99,2017,750ml,8.50%,White Wine,Off-dry,,,Riesling,Germany,,,Mosel,Bernkastel,"Peach, Citrus, Slate",Medium-bodied,"Wine Advocate-Mosel, Germany - ""Lush and salty-piquant on the crystalline palate, this is a mouth-filling and textured Kabinett that probably includes some percentage of botrytis berries, which give it juicy, charming and mouth-filling character. The sweetness is round and fruity rather than sweet.""","https://www.totalwine.com/dynamic/x490,sq/media/sys_master/twmmedia/h41/h03/9084967125022.png"
84,wines,"Dr Heidemanns Bernkastel Badstube Riesling Auslese, 2016",Dr Heidemanns-Bergweiler,42.99,2016,750ml,9.00%,White Wine,Sweet,,,Riesling,Germany,,,Mosel,Bernkastel,"Honey, Apricot",Medium-bodied,"Wine Enthusiast-Germany - ""Bracing whiffs of orange zest and blossom brighten this gorgeously honeyed Riesling. It's light and spry on the palate, yet unctuous and juicy, bursting with sweet white peach and guava flavors. Stark lime acidity and crystalline mineral tones leave the finish fresh..""","https://www.totalwine.com/dynamic/x490,sq/media/sys_master/twmmedia/h26/h2f/8802760228894.png"
85,wines,Mallee Point Moscato,Mallee Point,9.99,,750ml,7.50%,White Wine,Sweet,,,Moscato,Australia,,,,,"Tropical, Melon",Light-bodied,"Wine Spectator-South Eastern Australia, Australia- ""Light, sweet and frivolous, this crackling wine shows hints of spice and flowers around the ripe pear and lychee flavors. Refreshing."" This wine would be an excellent match with poultry, salads, fruit, and light cheeses.","https://www.totalwine.com/dynamic/x490,sq/media/sys_master/twmmedia/hda/h5e/8802763440158.png"
86,wines,Bartenura Moscato,Bartenura,9.97,,750ml,5.00%,White Wine,Semi-sweet,,,Moscato,Italy,,,,,"Pear, Melon",Light-bodied,"Italy- Crisp and refreshing. Semi-sweet with lingering pear, tangerine, nectar and melon flavors rounding out the finish. Perfect with dessert or fresh fruit, or for sipping poolside.","https://www.totalwine.com/dynamic/x490,sq/media/sys_master/twmmedia/ha5/hdc/14160565370910.png"
87,wines,Castello Poggio Moscato D'Asti,Il Duca,12.99,,750ml,5.00%,White Wine,Sweet,,,Moscato,Italy,,,,,"Apricot, Citrus",Light-bodied,"Aromas of white spring flower and yellow stone fruit waft out of the glass. The easygoing frothy palate doles out apricot, citrus and medicinal herb alongside a soft mousse.","https://www.totalwine.com/dynamic/x490,sq/media/sys_master/twmmedia/h06/h82/12291745841182.png"
88,wines,Marchese Dell'Elsa Moscato D'Asti,Marchese dell'Elsa,14.99,,750ml,5.50%,White Wine,Sweet,,,Moscato,Italy,,,Piedmont,Moscato d'Asti,"Peach, Citrus",Medium-bodied,"Asti, Piedmont, Italy - A fruit-driven people pleaser. Hints of peach blossoms and fresh citrus make it a natural to pair with a fruit plate. Or sip on the porch after dinner.","https://www.totalwine.com/dynamic/x490,sq/media/sys_master/twmmedia/h2e/h25/8805961170974.png"
89,wines,Donnafugata Lighea,Donnafugata,20.99,,750ml,12.30%,White Wine,Dry,,,Moscato,Italy,,,Sicily,,Citrus,Medium-bodied,"Lighea  has a bright straw yellow color with greenish reflections. The nose offers a rich and fragrant bouquet where the typical notes of orange blossom merge with hints of citrus (cedar and bergamot) and exotic fruit (lychee). The fruity and floral notes return in the mouth accompanied by a marked freshness, with good persistence and a pleasant mineral finish.","https://www.totalwine.com/dynamic/x490,sq/media/sys_master/twmmedia/he4/h8a/15455053643806.png"
90,wines,Andre Brut,Andre,5.97,,750ml,10.50%,Champagne & Sparkling Wine,Dry,,,"Sparkling Wine, Brut",United States,California,,,,"Green Apple, Pear",Light-bodied,"CA - This wine is crisp, simple & slightly sweet. This sparkling wine is made from a blend of white grapes from California. Its refreshing & versatile with fruity notes of green apple, pear and sweet lemon. Andre California champagne is a classic choice for toasting & celebrating.","https://www.totalwine.com/dynamic/x490,sq/media/sys_master/twmmedia/h3d/h02/12343425892382.png"
91,wines,Borrasca Prosecco DOCG,Borrasca,15.99,,750ml,11.00%,Champagne & Sparkling Wine,Crisp,,,"Prosecco, Brut",Italy,,,Veneto,Prosecco,"Pear, Floral, Green Apple",Light-bodied,"Beverage Dynamics-Veneto, Italy - ""White flowers, Bartlett pears, and almonds layer and show the elevated quality of this Prosecco. The wine is rich while keeping a fruit forward soft side present giving a nice texture on the mid-pallet and finish.""","https://www.totalwine.com/dynamic/x490,sq/media/sys_master/twmmedia/hbc/hb4/13287128301598.png"
92,wines,Tesoro Della Regina Prosecco Rose,Tesoro della Regina,20.99,,750ml,11.00%,Champagne & Sparkling Wine,Elegant,,,"Prosecco, Rose",Italy,,,,,"Apple, Floral, Berry",Full-bodied,"Veneto, Italy- The Tesoro della Regina brand is so excited to introduce Prosecco Rose, light in color and elegant and intense on the nose. You will find a dry, soft and well balanced palate round and full bodied structure. Perfect as an aperitif or paired with fish!","https://www.totalwine.com/dynamic/x490,sq/media/sys_master/twmmedia/hbc/hbb/13639900168222.png"
93,wines,Vigneti Cenci Franciacorta La Capinera Cuvee Rose Brut,Vigneti Cenci,37.99,,750ml,12.50%,Champagne & Sparkling Wine,Dry,,,"Sparkling Wine, Rose",Italy,,,Lombardy,Franciacorta,"Strawberry, Red Fruit, Raspberry",Full-bodied,"Decanter-Lombardy, Franciacorta, Italy - ""Floral, red berry and spicy nose. The palate is rich and expressive with intense notes of brioche, red currants, rose petals and strawberries. A very rich style with a long finish. Ideal for shellfish and paella."" [2018 Decanter World Wine Awards: GOLD]","https://www.totalwine.com/dynamic/x490,sq/media/sys_master/twmmedia/h80/h3a/15909949341726.png"
94,wines,Taittinger La Francaise Brut Champagne,Taittinger,46.97,,750ml,12.00%,Champagne & Sparkling Wine,,,,"Champagne, Brut",France,,,Champagne,Champagne,,,"Beverage Dynamics-Champagne, France - ""A brilliant pale gold in the glass, the wine delivers a complex mixture of clean stone fruit with subtle notes of spice and floral characteristics to the nose and palate.""","https://www.totalwine.com/dynamic/x490,sq/media/sys_master/twmmedia/h0c/hd9/14615563436062.png"
95,spirits,Maker's Mark Bourbon Whiskey,Maker's Mark,23.99,,750ml,45.00%,Whiskey/Whisky,Small Batch Bourbon,Bourbon,,, United States ,Kentucky,,,,"Rich, Caramel, Vanilla, Oak, Balanced",,"Kentucky- Smooth and approachable with an easy finish, a true contrast to hot, harsh whiskies that ""blow your ears off"" and a downright revolutionary idea at the time. Maker's Mark is made slowly in small batches, in our National Historic Landmark distillery in Loretto, Kentucky.","https://www.totalwine.com/dynamic/x490,sq/media/sys_master/twmmedia/ha1/hba/12034965798942.png"
96,spirits,Wild Turkey 101,Wild Turkey,21.49,,750ml,50.50%,Whiskey/Whisky,Small Batch Bourbon,Bourbon,,, United States ,Kentucky,,,,,,"Wine Enthusiast-Kentucky, USA - ""Corn and waxy honey aroma, with a deep chunk of earthy rye behind it. Not overly sweet in the mouth. This is lean, almost leathery, and leads to a long, strong finish, where a spike of mint appears. Definitely more than the barshot Bourbon it's often relegated to.""","https://www.totalwine.com/dynamic/x490,sq/media/sys_master/twmmedia/h24/h80/17009577295902.png"
97,spirits,Woodford Reserve,Woodford Reserve,28.49,,750ml,45.20%,Whiskey/Whisky,Small Batch Bourbon,Bourbon,,, United States ,Kentucky,,,,"Rich, Rye, Toast, Oak, Long",,"Kentucky- Spicy and forceful taking its flavor from the charred barrels that are used to age this bourbon. Charred oak, toffee, vanilla and pepper are the dominate flavors. A long lasting dry finish. Enjoy neat, with water, or with ice. Gold Medal - San Francisco Spirits Comp 2014","https://www.totalwine.com/dynamic/x490,sq/media/sys_master/twmmedia/h2e/hc7/12291779887134.png"
98,spirits,Buffalo Trace,Buffalo Trace,24.99,,750ml,45.00%,Whiskey/Whisky,Small Batch Bourbon,Bourbon,,, United States ,Kentucky,,,,"Anise, Dark Fruit, Mint, Sweet, Vanilla",,"Ancient buffalo carved paths through the wilderness that led American pioneers and explorers to new frontiers. One such trail led to the banks of the Kentucky River where Buffalo Trace Distillery has been making bourbon whiskey the same way for more than 200 years. In tribute to the mighty buffalo and the rugged, independent spirit of the pioneers who followed them, we created our signature Buffalo Trace Kentucky Straight Bourbon Whiskey.",https://products2.imgix.drizly.com/mi-buffalo-trace-bourbon-d25aeb4cf55b74d2.jpeg?auto=format%2Ccompress&ch=Width%2CDPR&fm=jpg&q=20
99,spirits,Woodford Reserve Double Oaked Bourbon,Woodford Reserve,51.99,,750ml,45.20%,Whiskey/Whisky,Small Batch Bourbon,Bourbon,,, United States ,Kentucky,,,,,,"Kentucky- A smooth, balanced body infused with vanilla, caramel, honey apple and spices at the forefront lead to a creamy midpalate and end with a lingering honey oak finish. Double Gold San Francisco Spirits Competition. Best in Class Gold Medal Whiskies of the World 2016.","https://www.totalwine.com/dynamic/x490,sq/media/sys_master/twmmedia/h0c/h13/12291697672222.png"
100,spirits,Old Forester 1910,Old Forester,52.99,,750ml,46.50%,Whiskey/Whisky,Rye,Bourbon,,, United States ,Kentucky,,,,,,"Kentucky- This whiskey is named after a fire in 1910 shut down the bottling line for Old Forester. Tastes of chocolate, spice, and cookies with notes of buttercream and apricot. Smooth and spicy finish.","https://www.totalwine.com/dynamic/x490,sq/media/sys_master/twmmedia/h8e/h82/11770062077982.png"
101,spirits,Wild Turkey Rye 101,Wild Turkey,17.99,,750ml,50.50%,Whiskey/Whisky,Rye,Rye,,, United States ,Kentucky,,,,,,"Kentucky- A legendary 101 proof straight rye whiskey known for its deep golden amber color and warm, smoky flavor with a rich, balanced aroma of vanilla and spice. 101 Rye finishes long and spicy and stands up to any mixer and shines through in a classic cocktail.","https://www.totalwine.com/dynamic/x490,sq/media/sys_master/twmmedia/h79/h56/16356103553054.png"
102,spirits,Rittenhouse Rye,Rittenhouse,24.99,,750ml,50.00%,Whiskey/Whisky,Rye,Rye,,, United States ,Kentucky,,,,,,"Wine Enthusiast-Kentucky, USA - ""Think of a sun-drenched meadow: grass, mint, hot rock and flowers, all of it vibrantly warm. The nose is repeated almost exactly in the mouth, with the addition of the sweet-dry wood of the warehouse. The herbal intensity is why rye makes a great Manhattan.""","https://www.totalwine.com/dynamic/x490,sq/media/sys_master/twmmedia/h43/hce/17158805094430.png"
103,spirits,Old Forester Rye,Old Forester,23.99,,750ml,50.00%,Whiskey/Whisky,Rye,Rye,,, United States ,Kentucky,,,,,,"Kentucky- Naturally ferments because of the high barley content. Notes of brown sugar and magnolia blossom. Tastes of black pepper, cinnamon stick, dried dill, and baked apple. Ends with a dry finish.","https://www.totalwine.com/dynamic/x490,sq/media/sys_master/twmmedia/hfe/h47/11635342639134.png"
104,spirits,High West Double Rye,High West,32.99,,750ml,46.00%,Whiskey/Whisky,Rye,Rye,,, United States ,Utah,,,,"Rich, Rye, Sweet, Balanced",,"Utah, USA- Marriage of two straight rye whiskies that combines the feisty properties of a high rye 2-year-old and the saddle smooth richness of a 16-year-old. The extra age and corn provides some extra sweetness to calm the ""bite"" of the younger rye for a relationship that works.","https://www.totalwine.com/dynamic/x490,sq/media/sys_master/twmmedia/h26/ha0/15408415604766.png"
105,spirits,Michter's Rye,Michter's,42.99,,750ml,42.50%,Whiskey/Whisky,Rye,Rye,,, United States ,Kentucky,,,,,,"KY, USA- This drink is made from select American rye grain that is sheared to maximize the extraction of flavor from the grain. Ideal neat or in cocktails. Nut, mocha, and leather dominate the palate and nose. Begins light and semi-sweet, then turns drier.","https://www.totalwine.com/dynamic/x490,sq/media/sys_master/twmmedia/hab/h84/13522119229470.png"
106,spirits,WhistlePig 15 Year Straight Rye,WhistlePig,254.99,,750ml,46.00%,Whiskey/Whisky,Rye,Rye,,, United States ,Vermont,,,,"Rich, Butterscotch, Caramel, Spice, Long",,"Vermont - Within this bottle is the culmination of years of patience - a liquid chosen from our finest stocks to be aged for more than a decade. Our first product aged in Vermont Estate Oak harvested right from our farm. Rye spice with wood sugar, earthy oakiness and lush citrus notes.","https://www.totalwine.com/dynamic/x490,sq/media/sys_master/twmmedia/hc8/h63/17329690116126.png"
107,spirits,Monkey Shoulder Scotch Whisky,Monkey Shoulder,29.99,,750ml,43.00%,Whiskey/Whisky,Blended Scotch,Scotch,,, Scotland ,Speyside,,,,"Intense, Apricot, Apricot, Butterscotch, Long",,Scotland- 100% malt whisky made for mixing. Floral aromas blended with zesty citrus & fresh fruit along with subtle hints of honey and spiced oak. Awarded Gold at ISC and Silver at IWSC in 2020.,"https://www.totalwine.com/dynamic/x490,sq/media/sys_master/twmmedia/h83/h73/17381659377694.png"
108,spirits,Glenfiddich 12 Year,Glenfiddich,47.99,,750ml,40.00%,Whiskey/Whisky,Single Malt,Scotch,,, Scotland ,Speyside,,,,"Rich, Pear, Oak, Butterscotch, Long",,"Speyside, Scotland- Glenfiddich 12 year old Scotch whisky is bright and balanced single malt matured for 12 years in Oloroso sherry and bourbon casks before mellowing in oak marrying tuns. Awarded Gold at ISC and Silver at IWSC in 2020.","https://www.totalwine.com/dynamic/x490,sq/media/sys_master/twmmedia/h5c/h8f/12291762880542.png"
109,spirits,Dalmore 12 Year,Dalmore,64.99,,750ml,40.00%,Whiskey/Whisky,Single Malt,Scotch,,, Scotland ,Highland,,,,"Rich, Spice, Maple, Long",,"Highlands, Scotland- With its intricate aromas and flavors, it is recognized as a whisky with character far beyond its age. Aromas of citrus fruits, chocolate, and spices. Concentrated citrus flavors on the palate with notes of oloroso sherry and hints of vanilla pod. Finish of coffee.","https://www.totalwine.com/dynamic/x490,sq/media/sys_master/twmmedia/h64/h92/14327626563614.png"
110,spirits,Laphroaig 10 Year,Laphroaig,51.99,,750ml,43.00%,Whiskey/Whisky,Single Malt,Scotch,,, Scotland ,Islay & Islands,,,,"Rich, Peat, Malt, Long",,"Islay, Scotland- An all-malt Scotch whisky, malted barley is dried over a peat fire for a unique full, rich flavor. Aroma and flavors are of blue peat smoke, the sweet nuttiness of the barley, the delicate heathery perfume of Islay's streams.","https://www.totalwine.com/dynamic/x490,sq/media/sys_master/twmmedia/hc4/h4f/12202508845086.png"
111,spirits,Lagavulin 16 Year,Lagavulin,103.99,,750ml,43.00%,Whiskey/Whisky,Single Malt,Scotch,,, Scotland ,Islay & Islands,,,,"Intense, Smoke, Peat, Balanced",,"Islay, Scotland- One of the great classics from Islay. Remarkably balanced, with dry & assertive flavors offset by the sweetness of Sherry oak. Complex, full-bodied, smoky, peaty tastes combine with salty sea tang in this elegant yet powerful Single Malt. 2020 SIP Awards Platinum Winner","https://www.totalwine.com/dynamic/x490,sq/media/sys_master/twmmedia/hb9/h06/14757919588382.png"
112,spirits,Macallan 30 Year Double Cask Scotch,Macallan,4299.99,,750ml,43.00%,Whiskey/Whisky,Single Malt,Scotch,,, Scotland ,Highland,,,,"Medium, Cinnamon, Vanilla, Oak, Long",,"Scotland- The Macallan Double Cask 30yr has matured for 30yrs in a harmonious union of sherry seasoned American & European oak casks. On the palate there is a smooth melody of cinnamon, ginger, Madagascan vanilla, dried fruits & oak flavors, finishing with sweet oak, soft spice & toffee","https://www.totalwine.com/dynamic/x490,sq/media/sys_master/twmmedia/h92/h61/15372158042142.png"
113,spirits,Jameson Irish Whiskey,Jameson,23.99,,750ml,40.00%,Whiskey/Whisky,,Irish Whiskey,,, Ireland ,,,,,"Delicate, Spice, Vanilla, Mild",,"Ireland- A pot still whiskey blended of light and medium flavored whiskies that were triple distilled for exceptional smoothness. Matured in Bourbon and Sherry casks to produce a crisp, clean, mellow taste with sweet, spicy, vanilla tones, and a subtle finish. Very smooth and versatile.","https://www.totalwine.com/dynamic/x490,sq/media/sys_master/twmmedia/h73/h69/14361814433822.png"
114,spirits,Jameson Black Barrel,Jameson,34.99,,750ml,40.00%,Whiskey/Whisky,,Irish Whiskey,,, Ireland ,,,,,,,"Ireland- Matured in a combination of American oak, sherry casks, and double charred bourbon barrels, Jameson Black Barrel is a blend of small batch grain and traditional Irish pot still whiskeys. Bursting with rich, complex flavors of fruit, caramel, toasted wood, and warm spice.","https://www.totalwine.com/dynamic/x490,sq/media/sys_master/twmmedia/h2d/hdf/16154942046238.png"
115,spirits,Tullamore Dew Irish Whiskey,Tullamore Dew,22.99,,750ml,40.00%,Whiskey/Whisky,,Irish Whiskey,,, Ireland ,,,,,"Rich, Apple, Vanilla, Spice, Complex",,"Ireland- Tullamore D.E.W. is widely acclaimed by whiskey connoisseurs and has received numerous awards for its quality, including the much-prized Gold Award at the 2020 International Spirits Competition. Awarded Bronze at the San Francisco World Spirits Challenge 2021.","https://www.totalwine.com/dynamic/x490,sq/media/sys_master/twmmedia/h9a/hf1/12291776544798.png"
116,spirits,Redbreast 12 Year Irish Whiskey,Redbreast,64.99,,750ml,40.00%,Whiskey/Whisky,,Irish Whiskey,,, Ireland ,,,,,,,"Ireland- Single Pot Still, triple distilled, matured in Bourbon and Sherry seasoned Spanish Oak casks. Spicy yet fruity nose. Harmonious taste of spice, fruit, and sherry. Long complex finish. Best Irish Whiskey at the 2019 International Whiskey Competition.","https://www.totalwine.com/dynamic/x490,sq/media/sys_master/twmmedia/h4f/ha3/16130683764766.png"
117,spirits,Green Spot Irish Whiskey,Green Spot,58.99,,750ml,40.00%,Whiskey/Whisky,,Irish Whiskey,,, Ireland ,,,,,,,"Ireland - Amber with a deep floral character of elderflower and honeysuckle alluding to fruitier notes of ripe red plum and nectarine. Fresh fruit continues on the palate with exquisite biscuity flavors. Smooth, long finish.","https://www.totalwine.com/dynamic/x490,sq/media/sys_master/twmmedia/he8/h26/12244707213342.png"
118,spirits,Beefeater,Beefeater,19.99,,750ml,44.00%,Gin,London Dry,,,, England ,,,,,"Crisp, Herbal, Juniper, Citrus, Balanced",,"United Kingdom- Beefeater London Dry has a remarkably clean flavor, with a bold juniper character that is balanced with strong citrus notes, making it the perfect gin to enjoy with the tonic of your choice.","https://www.totalwine.com/dynamic/x490,sq/media/sys_master/twmmedia/hcb/h30/15050017046558.png"
119,spirits,Ford's Gin,Ford's,19.99,,750ml,45.00%,Gin,London Dry,,,, England ,,,,,"Crisp, Spice, Juniper, Balanced",,England- The gin for cocktails! Multi award-winning London Dry Gin designed for mixing by professional bartenders. Made by 8th generation gin distiller with the input of over 150 bartenders. A modern twist on a classic style of gin.,"https://www.totalwine.com/dynamic/x490,sq/media/sys_master/twmmedia/h88/h16/10678725083166.png"
120,spirits,Still Austin Gin,Still Austin,25.99,,750ml,45.00%,Gin,American Gin,,,, United States ,Texas,,,,"Crisp, Juniper, Coriander, Citrus, Balanced",,"Texas- A beautifully balanced gin made in small batches with botanicals like juniper, cinnamon, citrus peels, elderflower, and allspice. Floral notes on the nose and a crisp finish with waves of citrus, juniper, and coriander on the palate. Great addition to a Spritz cocktail.","https://www.totalwine.com/dynamic/x490,sq/media/sys_master/twmmedia/hcf/h7c/16052759855134.png"
121,spirits,Hendrick's Gin,Hendrick's,31.99,,750ml,44.00%,Gin,,,,, Scotland ,,,,,"Crisp, Floral, Cucumber, Rose, Balanced",,"Scotland- The original Hendrick's Gin, oddly infused with Rose and Cucumber. Not surprisingly, awarded Platinum at LA Spirit Awards and Silver at SF World Sprits Awards in 2020.","https://www.totalwine.com/dynamic/x490,sq/media/sys_master/twmmedia/he5/h57/8806112329758.png"
122,spirits,The Botanist Gin,The Botanist,35.99,,750ml,46.00%,Gin,,,,, Scotland ,Islay & Islands,,,,,,"Scotland- The Botanist is a gin of layered complexity. 22 hand-foraged local botanicals delicately augment nine berries, barks, seeds and peels during an achingly slow distillation. This unique Islay dry gin is a rare expression of the heart and soul of our remote Scottish island.","https://www.totalwine.com/dynamic/x490,sq/media/sys_master/twmmedia/h52/h32/12291700490270.png"
123,spirits,Monkey 47 Schwarzwald Dry Gin,Monkey 47,57.99,,750ml,47.00%,Gin,,,,, Germany ,,,,,,,"Germany- Distilled from 47 predominantly unusual but regional botanicals such as lingonberries and blended with natural spring water. Juniper is prominent on the nose, and intense herbal notes rise up. Monkey 47 takes a sweet and fruity turn at the end. Rated 99 pts by Distiler.com","https://www.totalwine.com/dynamic/x490,sq/media/sys_master/twmmedia/h1b/h43/16323022749726.png"
124,spirits,Espolon Reposado Tequila,Espolon,24.99,,750ml,40.00%,Tequila,Reposado,,,, Mexico ,Jalisco,,,,,,"Mexico - With tequila aging in mind, carefully designed and constructed white-oak barrels have been used to house the spirit for 6 months, giving it a balance of agave and mild wood flavors.","https://www.totalwine.com/dynamic/x490,sq/media/sys_master/twmmedia/h64/h62/11941488066590.png"
125,spirits,Tapatio Tequila Blanco,Tapatio,33.99,,750ml,40.00%,Tequila,Blanco,,,, Mexico ,Jalisco,,,,,,"Mexico - Aged 6 months in stainless steel. Modest agave, and black pepper, on the nose. The body is initially hot. Nice balance on agave, lemon, sweetness, and Chile powder. Touches of black pepper hit the back of the throat for the finish.","https://www.totalwine.com/dynamic/x490,sq/media/sys_master/twmmedia/h50/hda/17193004007454.png"
126,spirits,Patron Silver,Patron,40.99,,750ml,40.00%,Tequila,Blanco,,,, Mexico ,Jalisco,,,,"Citrus, Floral, Smooth",,"Mexico - 100% Blue Agave. Crystal clear, pure ultra premium. Light, fresh tequila is a favorite of connoisseurs worldwide. Smooth, soft, light tequila. The perfect ingredient in special margaritas or mixed cocktails, neat or on the rocks.","https://www.totalwine.com/dynamic/x490,sq/media/sys_master/twmmedia/h4f/h5f/17238588817438.png"
127,spirits,Fortaleza Anejo Tequila,Foraleza,89.99,,750ml,40.00%,Tequila,Anejo,,,, Mexico ,Jalisco,,,,,,Mexico- Made of 100% stone milled agave that is entirely produced on the estate and aged in wood oak barrels to create a uniquely smooth and flavorful tequila. Enjoy this impeccable tequila in a favorite cocktail.,"https://www.totalwine.com/dynamic/x490,sq/media/sys_master/twmmedia/h73/h0a/10678707224606.png"
128,spirits,Clase Azul Reposado Tequila,Clase Azul,149.99,,750ml,40.00%,Tequila,Reposado,,,, Mexico ,Jalisco,,,,"Rich, Cinnamon, Cooked Agave, Caramel, Long",,"Mexico- An ultra-premium Tequila made of 100% Tequilana Weber Blue Agave. The 8 month aging gives this sipping Tequila an amazing balance, body and flavor. Each bottle is hand-made and hand-painted by artisans in a small village in Mexico, so each one is a unique piece.","https://www.totalwine.com/dynamic/x490,sq/media/sys_master/twmmedia/hbf/h47/14757924503582.png"
129,spirits,Tito's Handmade Vodka,Tito's,16.99,,750ml,40.00%,Vodka,Vodka,,,, United States ,Texas,,,,"Crisp, Clean, Smooth",,"USA- This gluten-free vodka is distilled using old-fashioned copper pot stills, inspired by the distillation methods of fine single malt scotches and high-end French cognacs. Made in batches with each batch taste-tested, it is goes down smooth and has an impeccably clean finish.","https://www.totalwine.com/dynamic/x490,sq/media/sys_master/twmmedia/h92/h05/16121952108574.png"
130,spirits,Stolichnaya,Stolichnaya,17.99,,750ml,40.00%,Vodka,Vodka,,,, Latvia ,,,,,"Crisp, Toast, Pepper, Smooth",,Latvia (a NATO country) - Winter wheat and glacial water is double distilled using quartz and activated charcoal filtration. Herbal and licorice flavors linger with light smoke and a touch of fruit. Best chilled and straight or in tonic.,"https://www.totalwine.com/dynamic/x490,sq/media/sys_master/twmmedia/h9e/hf7/12343412293662.png"
131,spirits,Belvedere,Belvedere,24.99,,750ml,40.00%,Vodka,Vodka,,,, Poland ,,,,,"Creamy, Toast, Smooth",,"Poland- Named after the Belvedere Palace, formerly home to Polish royalty and presidents. Handcrafted in small batches and distilled four times. Produced from 100% Dankowskie Gold Rye. Incredibly smooth and velvety. Enjoy chilled neat or in clean, simple cocktails.","https://www.totalwine.com/dynamic/x490,sq/media/sys_master/twmmedia/hc1/h9e/13294973550622.png"
132,spirits,Grey Goose,Grey Goose,23.99,,750ml,40.00%,Vodka,Vodka,,,, France ,,,,,"Creamy, Smooth",,France- World's best tasting vodka. Single origin soft winter wheat from picardi and natural spring water from Gensac la Pallue. Every step of our process is designed to express the extraordinary character of our wheat. Naturally rich and full bodied taste with a smooth mouthfeel.,"https://www.totalwine.com/dynamic/x490,sq/media/sys_master/twmmedia/h8c/h4d/12140727697438.png"
133,spirits,Chopin Family Reserve Vodka,Chopin,129.99,,750ml,40.00%,Vodka,Vodka,,,, Poland ,,,,,,,"Poland- This is the first super premium, Chopin Extra Rare Young Potato Vodka. Estate crafted from farm to bottle in Poland. Rested for two years for ultimate smoothness and naturally gluten-free.","https://www.totalwine.com/dynamic/x490,sq/media/sys_master/twmmedia/ha6/h22/11770061783070.png"
134,spirits,Smith & Cross Trad'l Jamaican Rum,Smith & Cross,29.99,,750ml,57.00%,Rum,Jamaican Pot Still,,,, Jamaica ,,,,,"Rich, Spice, Complex",,"Jamaica- Smith & Cross Jamaica Rum is pot-distilled with notes of caramelized banana, exotic fruits and spice with an earthy finish. This is old-school rum, without the now-common chill filtration or added sugar.","https://www.totalwine.com/dynamic/x490,sq/media/sys_master/twmmedia/h39/h30/8815553576990.png"
135,spirits,Captain Morgan Spiced Rum,Captain Morgan,13.99,,750ml,35.00%,Rum,Spiced Rum,,,, US Virgin Islands ,,,,,"Flavored, Spice, Caramel, Balanced",,"US Virgin Islands- Mixes aromas of marshmallow, light toffee and light spiced honey, leading into a molasses-centric flavor. Ideal for spicing up tropical cocktails or mixed with cola.","https://www.totalwine.com/dynamic/x490,sq/media/sys_master/twmmedia/h24/h04/14404626972702.png"
136,spirits,Malibu Coconut Rum,Malibu,14.99,,750ml,21.00%,Rum,Flavored Rum,,,, Barbados ,,,,,"Flavored, Coconut, Balanced",,"Barbados- Made in the spirit of traditional Caribbean flavored rums and filled with the fresh, natural taste of coconut, this smooth-drinking rum infuses any drink with a taste of the tropics. Perfect on its own or as a refreshing splash in any rum-based cocktail.","https://www.totalwine.com/dynamic/x490,sq/media/sys_master/twmmedia/h98/h2b/12140749684766.png"
137,spirits,Ten To One Caribbean White Rum,Ten to One,31.49,,750ml,45.00%,Rum,Silver Rum,,,,Jamaica,,,,,"Tropical, Banana, Pineapple",,"Jamaica-An enticing unaged blend of column still rum from the Dominican Republic, which combines exceptionally well with high ester pot still rum from Jamaica, to yield a beautiful extra-proof expression. Awarded Platinum medal, Best Rum at the L.A Spirits Awards.","https://www.totalwine.com/dynamic/x490,sq/media/sys_master/twmmedia/h09/h3f/13713379983390.png"
138,spirits,Diplomatico Seleccion De Familia Exclusiva Rum,Diplomatico,49.99,,700ml,43.00%,Rum,Aged Rum,,,,Venezuela,,,,,"Rich, Caramel, Banana, Raisin, Complex",,"Venezuela - ""Rich, dark and intense. Stewed orange flesh, charred peel and fruity jelly are backed up by singed caramel. As it sits in the glass, lighter sweet and floral notes develop rose, honeysuckle and sweet barley sugar as well as darker fruit and soft, sweet spice....""","https://www.totalwine.com/dynamic/x490,sq/media/sys_master/twmmedia/hce/h4a/15197828972574.png"
